{
  "exp_name": "db01_rank_4",
  "clip_style": 0.47260773181915283,
  "clip_content": 0.2514735460281372,
  "dino_style": 0.09688073396682739,
  "fid": 267.5191885141089,
  "lpips": 0.8126710617542267
}