{
  "exp_name": "db02_rank_16",
  "clip_style": 0.49274635314941406,
  "clip_content": 0.24949239194393158,
  "dino_style": 0.18346580862998962,
  "fid": 248.29160404196878,
  "lpips": 0.7908414599299431
}