{
  "exp_name": "db03_rank_32",
  "clip_style": 0.46954119205474854,
  "clip_content": 0.2522274851799011,
  "dino_style": 0.10392764955759048,
  "fid": 271.32330243554156,
  "lpips": 0.81253463357687
}