{
  "exp_name": "db04_rank_64",
  "clip_style": 0.47112342715263367,
  "clip_content": 0.25360623002052307,
  "dino_style": 0.12284018844366074,
  "fid": 261.24288227617626,
  "lpips": 0.8029239703714848
}