{
  "exp_name": "m01_mixing_grid_v3_with_suffix",
  "style_names": [
    "van_gogh_starry_road",
    "van_gogh_starry_night",
    "monet_garden"
  ],
  "content_names": [
    "cat",
    "dog",
    "backpack"
  ],
  "dino_style": {
    "per_cell": [
      [
        0.11455386132001877,
        0.04485945776104927,
        0.27492204308509827
      ],
      [
        0.08174219727516174,
        0.03707122057676315,
        0.0798557847738266
      ],
      [
        0.054085858166217804,
        0.16292022168636322,
        0.0411250963807106
      ]
    ],
    "row_means": [
      0.14477845405538878,
      0.06622306754191716,
      0.08604372541109721
    ],
    "col_means": [
      0.08346063892046611,
      0.08161696667472522,
      0.13196764141321182
    ],
    "grand_mean": 0.09901508233613439
  },
  "dino_content": {
    "per_cell": [
      [
        0.609046459197998,
        0.5975024700164795,
        0.4486100673675537
      ],
      [
        0.6225371360778809,
        0.7628687620162964,
        0.48528027534484863
      ],
      [
        0.5891941785812378,
        0.4467247724533081,
        0.4971619248390198
      ]
    ],
    "row_means": [
      0.5517196655273438,
      0.6235620578130087,
      0.5110269586245219
    ],
    "col_means": [
      0.6069259246190389,
      0.6023653348286947,
      0.4770174225171407
    ],
    "grand_mean": 0.5621028939882914
  },
  "style_row_std": [
    0.0963235616589924,
    0.02062784968824296,
    0.054616798979715074
  ],
  "content_col_std": [
    0.0136945415849079,
    0.12911104038730156,
    0.02066441012339266
  ]
}